{"cameraMode":{"drawMode":0,"name":"Shaded","section":"Shading Mode"},"sceneLighting":true,"audioPlay":false,"sceneViewState":{"showFog":true,"showMaterialUpdate":false,"showSkybox":true,"showFlares":true,"showImageEffects":true,"showParticleSystems":true},"in2DMode":false,"pivot":{"x":-0.7598167657852173,"y":1.5633944272994996,"z":3.9021129608154299},"rotation":{"x":0.015426560305058957,"y":-0.30350229144096377,"z":-0.00491288211196661,"w":-0.9527062177658081},"size":20.606252670288087,"orthographic":false}