{"cameraMode":{"drawMode":0,"name":"Shaded","section":"Shading Mode"},"sceneLighting":true,"audioPlay":false,"sceneViewState":{"showFog":true,"showMaterialUpdate":false,"showSkybox":true,"showFlares":true,"showImageEffects":true,"showParticleSystems":true},"in2DMode":false,"pivot":{"x":0.0009364825091324747,"y":1.5718553066253663,"z":0.16378840804100038},"rotation":{"x":-0.4000881314277649,"y":-0.034077271819114688,"z":0.014905125834047795,"w":-0.9157359004020691},"size":10.377848625183106,"orthographic":false}