{"cameraMode":{"drawMode":0,"name":"Shaded","section":"Shading Mode"},"sceneLighting":true,"audioPlay":false,"sceneViewState":{"showFog":true,"showMaterialUpdate":false,"showSkybox":true,"showFlares":true,"showImageEffects":true,"showParticleSystems":true},"in2DMode":false,"pivot":{"x":-1.3390098810195923,"y":1.681791067123413,"z":0.9261809587478638},"rotation":{"x":0.0737084224820137,"y":-0.025128833949565889,"z":0.0018579213647171856,"w":0.9969671368598938},"size":32.29704284667969,"orthographic":false}